app_id,day,model,D2,bad_share,verdict,verdict_note
com.labpixies.flood,0,M1,46.07874,0.5,DISCONTINUE,strong_anomaly_bad_dir
com.labpixies.flood,1,M1,10.36527,0.75,MONITOR,anomaly_bad_dir
com.labpixies.flood,2,M1,31.03696,0.75,DISCONTINUE,strong_anomaly_bad_dir
com.labpixies.flood,3,M1,8.15145,0.5,DEVELOP,in_norm
com.labpixies.flood,4,M1,13.90001,0.5,DISCONTINUE,strong_anomaly_bad_dir
com.labpixies.flood,5,M1,11.93944,0.5,MONITOR,anomaly_bad_dir
com.labpixies.flood,6,M1,15.94936,0.5,DISCONTINUE,strong_anomaly_bad_dir
com.labpixies.flood,7,M1,13.76741,0.5,DISCONTINUE,strong_anomaly_bad_dir
com.labpixies.flood,8,M1,3.25025,0.25,DEVELOP,in_norm
com.labpixies.flood,9,M1,3.02114,0.25,DEVELOP,in_norm
com.labpixies.flood,10,M1,3.17665,0.25,DEVELOP,in_norm
com.labpixies.flood,11,M1,2.89101,0.0,DEVELOP,in_norm
com.labpixies.flood,12,M1,2.74523,0.0,DEVELOP,in_norm
com.labpixies.flood,13,M1,4.74909,0.0,DEVELOP,in_norm
com.labpixies.flood,14,M1,3.78116,0.0,DEVELOP,in_norm
com.labpixies.flood,15,M1,1.80301,0.0,DEVELOP,in_norm
com.labpixies.flood,16,M1,3.92601,0.0,DEVELOP,in_norm
com.labpixies.flood,17,M1,1.31442,0.0,DEVELOP,in_norm
com.labpixies.flood,18,M1,1.98251,0.0,DEVELOP,in_norm
com.labpixies.flood,19,M1,2.79212,0.0,DEVELOP,in_norm
com.labpixies.flood,20,M1,0.28751,0.0,DEVELOP,in_norm
com.labpixies.flood,21,M1,0.19266,0.0,DEVELOP,in_norm
com.labpixies.flood,22,M1,0.46032,0.0,DEVELOP,in_norm
com.labpixies.flood,23,M1,0.1827,0.0,DEVELOP,in_norm
com.labpixies.flood,24,M1,0.35157,0.0,DEVELOP,in_norm
com.labpixies.flood,25,M1,4.39503,0.25,DEVELOP,in_norm
com.labpixies.flood,26,M1,2.11707,0.0,DEVELOP,in_norm
com.labpixies.flood,27,M1,0.58863,0.0,DEVELOP,in_norm
com.labpixies.flood,28,M1,0.56551,0.0,DEVELOP,in_norm
com.labpixies.flood,29,M1,0.92335,0.0,DEVELOP,in_norm
com.labpixies.flood,30,M1,0.85475,0.0,DEVELOP,in_norm
com.labpixies.flood,31,M1,0.74401,0.0,DEVELOP,in_norm
com.labpixies.flood,32,M1,3.55938,0.25,DEVELOP,in_norm
com.labpixies.flood,33,M1,2.27232,0.0,DEVELOP,in_norm
com.labpixies.flood,34,M1,1.08999,0.0,DEVELOP,in_norm
com.labpixies.flood,35,M1,3.014,0.0,DEVELOP,in_norm
com.labpixies.flood,36,M1,1.33803,0.0,DEVELOP,in_norm
com.labpixies.flood,37,M1,3.22193,0.25,DEVELOP,in_norm
com.labpixies.flood,38,M1,1.10187,0.0,DEVELOP,in_norm
com.labpixies.flood,39,M1,1.14473,0.0,DEVELOP,in_norm
com.labpixies.flood,40,M1,1.33804,0.0,DEVELOP,in_norm
com.labpixies.flood,41,M1,0.87605,0.0,DEVELOP,in_norm
com.labpixies.flood,42,M1,2.65896,0.25,DEVELOP,in_norm
com.labpixies.flood,43,M1,1.15914,0.0,DEVELOP,in_norm
com.labpixies.flood,44,M1,0.74068,0.0,DEVELOP,in_norm
com.labpixies.flood,45,M1,0.67433,0.0,DEVELOP,in_norm
com.labpixies.flood,46,M1,0.52191,0.0,DEVELOP,in_norm
com.labpixies.flood,47,M1,0.7515,0.0,DEVELOP,in_norm
com.labpixies.flood,48,M1,0.90295,0.0,DEVELOP,in_norm
com.labpixies.flood,49,M1,0.47893,0.0,DEVELOP,in_norm
com.labpixies.flood,50,M1,0.33633,0.0,DEVELOP,in_norm
com.labpixies.flood,51,M1,0.65061,0.0,DEVELOP,in_norm
com.labpixies.flood,52,M1,1.14862,0.0,DEVELOP,in_norm
com.labpixies.flood,53,M1,0.82282,0.0,DEVELOP,in_norm
com.labpixies.flood,54,M1,1.51811,0.0,DEVELOP,in_norm
com.labpixies.flood,55,M1,0.84434,0.0,DEVELOP,in_norm
com.labpixies.flood,56,M1,0.74035,0.0,DEVELOP,in_norm
com.labpixies.flood,57,M1,0.70912,0.0,DEVELOP,in_norm
com.labpixies.flood,58,M1,1.78943,0.0,DEVELOP,in_norm
com.labpixies.flood,59,M1,2.29684,0.0,DEVELOP,in_norm
com.labpixies.flood,60,M1,0.6304,0.0,DEVELOP,in_norm
com.labpixies.flood,61,M1,0.60871,0.0,DEVELOP,in_norm
com.labpixies.flood,62,M1,0.70166,0.0,DEVELOP,in_norm
com.labpixies.flood,63,M1,1.24928,0.0,DEVELOP,in_norm
com.labpixies.flood,64,M1,1.0581,0.0,DEVELOP,in_norm
com.labpixies.flood,65,M1,0.83513,0.0,DEVELOP,in_norm
com.labpixies.flood,66,M1,0.75437,0.0,DEVELOP,in_norm
com.labpixies.flood,67,M1,0.69571,0.0,DEVELOP,in_norm
com.labpixies.flood,68,M1,1.2124,0.0,DEVELOP,in_norm
com.labpixies.flood,69,M1,0.67416,0.0,DEVELOP,in_norm
com.labpixies.flood,70,M1,0.85322,0.0,DEVELOP,in_norm
com.labpixies.flood,71,M1,0.94766,0.0,DEVELOP,in_norm
com.labpixies.flood,72,M1,1.33116,0.0,DEVELOP,in_norm
com.labpixies.flood,73,M1,1.28937,0.0,DEVELOP,in_norm
com.labpixies.flood,74,M1,0.8437,0.0,DEVELOP,in_norm
com.labpixies.flood,75,M1,13.97032,0.25,MONITOR,strong_anomaly_good_dir
com.labpixies.flood,76,M1,1.25355,0.0,DEVELOP,in_norm
com.labpixies.flood,77,M1,1.60269,0.0,DEVELOP,in_norm
com.labpixies.flood,78,M1,0.57658,0.0,DEVELOP,in_norm
com.labpixies.flood,79,M1,0.71154,0.0,DEVELOP,in_norm
com.labpixies.flood,80,M1,1.15633,0.0,DEVELOP,in_norm
com.labpixies.flood,81,M1,0.78765,0.0,DEVELOP,in_norm
com.labpixies.flood,82,M1,16.35178,0.5,DISCONTINUE,strong_anomaly_bad_dir
com.labpixies.flood,83,M1,0.43795,0.0,DEVELOP,in_norm
com.labpixies.flood,84,M1,12.54325,0.25,DEVELOP,anomaly_good_dir
com.labpixies.flood,85,M1,4.97144,0.25,DEVELOP,in_norm
com.labpixies.flood,86,M1,13.77169,0.25,MONITOR,strong_anomaly_good_dir
com.labpixies.flood,87,M1,15.81167,0.5,DISCONTINUE,strong_anomaly_bad_dir
com.labpixies.flood,88,M1,24.5893,0.5,DISCONTINUE,strong_anomaly_bad_dir
com.labpixies.flood,89,M1,0.71693,0.0,DEVELOP,in_norm
com.labpixies.flood,90,M1,4.79678,0.25,DEVELOP,in_norm
com.labpixies.flood,91,M1,26.69337,0.5,DISCONTINUE,strong_anomaly_bad_dir
com.labpixies.flood,92,M1,0.54301,0.0,DEVELOP,in_norm
com.labpixies.flood,93,M1,5.04602,0.25,DEVELOP,in_norm
com.labpixies.flood,94,M1,0.92192,0.0,DEVELOP,in_norm
com.labpixies.flood,95,M1,12.21147,0.25,DEVELOP,anomaly_good_dir
com.labpixies.flood,96,M1,17.73211,0.5,DISCONTINUE,strong_anomaly_bad_dir
com.labpixies.flood,97,M1,4.45678,0.25,DEVELOP,in_norm
com.labpixies.flood,98,M1,16.88377,0.25,MONITOR,strong_anomaly_good_dir
com.labpixies.flood,99,M1,16.02547,0.25,MONITOR,strong_anomaly_good_dir
com.labpixies.flood,100,M1,18.94068,0.25,MONITOR,strong_anomaly_good_dir
com.labpixies.flood,101,M1,19.39912,0.25,MONITOR,strong_anomaly_good_dir
com.labpixies.flood,102,M1,6.33961,0.5,DEVELOP,in_norm
com.labpixies.flood,103,M1,19.97015,0.25,MONITOR,strong_anomaly_good_dir
com.labpixies.flood,104,M1,5.35384,0.25,DEVELOP,in_norm
com.labpixies.flood,105,M1,13.15826,0.25,DEVELOP,anomaly_good_dir
com.labpixies.flood,106,M1,4.25457,0.25,DEVELOP,in_norm
com.labpixies.flood,107,M1,20.37463,0.25,MONITOR,strong_anomaly_good_dir
com.labpixies.flood,108,M1,7.38679,0.25,DEVELOP,in_norm
com.labpixies.flood,109,M1,0.51823,0.0,DEVELOP,in_norm
com.labpixies.flood,110,M1,0.70823,0.0,DEVELOP,in_norm
com.google.flood2,0,M1,49.04919,0.25,MONITOR,strong_anomaly_good_dir
com.google.flood2,1,M1,21.91583,0.25,MONITOR,strong_anomaly_good_dir
com.google.flood2,2,M1,12.0037,0.25,DEVELOP,anomaly_good_dir
com.google.flood2,3,M1,7.58904,0.25,DEVELOP,in_norm
com.google.flood2,4,M1,4.50801,0.25,DEVELOP,in_norm
com.google.flood2,5,M1,4.65292,0.25,DEVELOP,in_norm
com.google.flood2,6,M1,148.66985,0.0,MONITOR,strong_anomaly_good_dir
com.google.flood2,7,M1,125.42387,0.0,MONITOR,strong_anomaly_good_dir
com.google.flood2,8,M1,10.3739,0.25,DEVELOP,anomaly_good_dir
com.google.flood2,9,M1,9.11355,0.25,DEVELOP,in_norm
com.google.flood2,10,M1,7.19892,0.25,DEVELOP,in_norm
com.google.flood2,11,M1,6.98235,0.25,DEVELOP,in_norm
com.google.flood2,12,M1,8.2983,0.25,DEVELOP,in_norm
com.google.flood2,13,M1,128.20361,0.0,MONITOR,strong_anomaly_good_dir
com.google.flood2,14,M1,110.88128,0.0,MONITOR,strong_anomaly_good_dir
com.google.flood2,15,M1,9.38735,0.25,DEVELOP,in_norm
com.google.flood2,16,M1,115.21999,0.0,MONITOR,strong_anomaly_good_dir
com.google.flood2,17,M1,6.04277,0.25,DEVELOP,in_norm
com.google.flood2,18,M1,124.95289,0.0,MONITOR,strong_anomaly_good_dir
com.google.flood2,19,M1,120.0366,0.0,MONITOR,strong_anomaly_good_dir
com.google.flood2,20,M1,10.491,0.25,DEVELOP,anomaly_good_dir
com.google.flood2,21,M1,13.7061,0.25,MONITOR,strong_anomaly_good_dir
com.google.flood2,22,M1,12.15388,0.25,DEVELOP,anomaly_good_dir
com.google.flood2,23,M1,13.66883,0.25,MONITOR,strong_anomaly_good_dir
com.google.flood2,24,M1,14.16844,0.25,MONITOR,strong_anomaly_good_dir
com.google.flood2,25,M1,11.20852,0.25,DEVELOP,anomaly_good_dir
com.google.flood2,26,M1,13.66607,0.25,MONITOR,strong_anomaly_good_dir
com.google.flood2,27,M1,16.56448,0.25,MONITOR,strong_anomaly_good_dir
com.google.flood2,28,M1,15.67687,0.25,MONITOR,strong_anomaly_good_dir
com.google.flood2,29,M1,16.99986,0.25,MONITOR,strong_anomaly_good_dir
com.google.flood2,30,M1,15.46033,0.25,MONITOR,strong_anomaly_good_dir
com.google.flood2,31,M1,12.27927,0.25,DEVELOP,anomaly_good_dir
com.google.flood2,32,M1,15.81326,0.25,MONITOR,strong_anomaly_good_dir
com.google.flood2,33,M1,11.48062,0.25,DEVELOP,anomaly_good_dir
com.google.flood2,34,M1,15.87602,0.25,MONITOR,strong_anomaly_good_dir
com.google.flood2,35,M1,13.07309,0.25,DEVELOP,anomaly_good_dir
com.google.flood2,36,M1,14.31794,0.25,MONITOR,strong_anomaly_good_dir
com.google.flood2,37,M1,10.7417,0.25,DEVELOP,anomaly_good_dir
com.google.flood2,38,M1,9.05061,0.25,DEVELOP,in_norm
com.google.flood2,39,M1,4.26011,0.0,DEVELOP,in_norm
com.google.flood2,40,M1,8.3651,0.25,DEVELOP,in_norm
com.google.flood2,41,M1,9.52872,0.25,DEVELOP,anomaly_good_dir
com.google.flood2,42,M1,9.29995,0.25,DEVELOP,in_norm
com.google.flood2,43,M1,9.01685,0.25,DEVELOP,in_norm
com.google.flood2,44,M1,9.49363,0.25,DEVELOP,anomaly_good_dir
com.google.flood2,45,M1,6.97197,0.25,DEVELOP,in_norm
com.google.flood2,46,M1,3.89942,0.25,DEVELOP,in_norm
com.google.flood2,47,M1,2.35694,0.25,DEVELOP,in_norm
com.google.flood2,48,M1,7.0688,0.25,DEVELOP,in_norm
com.google.flood2,49,M1,11.38975,0.25,DEVELOP,anomaly_good_dir
com.google.flood2,50,M1,9.64405,0.25,DEVELOP,anomaly_good_dir
com.google.flood2,51,M1,5.81885,0.25,DEVELOP,in_norm
com.google.flood2,52,M1,4.58056,0.0,DEVELOP,in_norm
com.google.flood2,53,M1,3.61042,0.0,DEVELOP,in_norm
com.google.flood2,54,M1,5.18288,0.25,DEVELOP,in_norm
com.google.flood2,55,M1,4.73062,0.25,DEVELOP,in_norm
com.google.flood2,56,M1,5.99396,0.25,DEVELOP,in_norm
com.google.flood2,57,M1,5.10755,0.25,DEVELOP,in_norm
com.google.flood2,58,M1,7.87466,0.25,DEVELOP,in_norm
com.google.flood2,59,M1,9.35997,0.25,DEVELOP,in_norm
com.google.flood2,60,M1,6.61307,0.25,DEVELOP,in_norm
com.google.flood2,61,M1,6.04615,0.25,DEVELOP,in_norm
com.google.flood2,62,M1,4.7825,0.25,DEVELOP,in_norm
com.google.flood2,63,M1,7.71462,0.25,DEVELOP,in_norm
com.google.flood2,64,M1,8.48427,0.25,DEVELOP,in_norm
com.google.flood2,65,M1,6.42882,0.25,DEVELOP,in_norm
com.google.flood2,66,M1,7.81635,0.25,DEVELOP,in_norm
com.google.flood2,67,M1,3.38422,0.0,DEVELOP,in_norm
com.google.flood2,68,M1,4.1489,0.25,DEVELOP,in_norm
com.google.flood2,69,M1,7.25779,0.25,DEVELOP,in_norm
com.google.flood2,70,M1,6.38423,0.25,DEVELOP,in_norm
com.google.flood2,71,M1,5.61732,0.25,DEVELOP,in_norm
com.google.flood2,72,M1,7.31289,0.25,DEVELOP,in_norm
com.google.flood2,73,M1,3.11093,0.0,DEVELOP,in_norm
com.google.flood2,74,M1,4.64792,0.25,DEVELOP,in_norm
com.google.flood2,75,M1,4.76801,0.25,DEVELOP,in_norm
com.google.flood2,76,M1,4.06831,0.0,DEVELOP,in_norm
com.google.flood2,77,M1,3.99682,0.0,DEVELOP,in_norm
com.google.flood2,78,M1,4.10832,0.0,DEVELOP,in_norm
com.google.flood2,79,M1,3.25304,0.0,DEVELOP,in_norm
com.google.flood2,80,M1,6.01823,0.25,DEVELOP,in_norm
com.google.flood2,81,M1,6.8258,0.25,DEVELOP,in_norm
com.google.flood2,82,M1,6.3825,0.0,DEVELOP,in_norm
com.google.flood2,83,M1,6.38223,0.25,DEVELOP,in_norm
com.google.flood2,84,M1,3.16295,0.0,DEVELOP,in_norm
com.google.flood2,85,M1,2.72858,0.0,DEVELOP,in_norm
com.google.flood2,86,M1,7.16618,0.0,DEVELOP,in_norm
com.google.flood2,87,M1,9.21984,0.0,DEVELOP,in_norm
com.google.flood2,88,M1,1.39,0.0,DEVELOP,in_norm
com.google.flood2,89,M1,0.26224,0.0,DEVELOP,in_norm
com.google.flood2,90,M1,2.10587,0.0,DEVELOP,in_norm
com.google.flood2,91,M1,0.79512,0.0,DEVELOP,in_norm
com.google.flood2,92,M1,0.46018,0.0,DEVELOP,in_norm
com.google.flood2,93,M1,0.95707,0.0,DEVELOP,in_norm
com.google.flood2,94,M1,1.5875,0.0,DEVELOP,in_norm
com.google.flood2,95,M1,0.6663,0.0,DEVELOP,in_norm
com.google.flood2,96,M1,3.05641,0.0,DEVELOP,in_norm
com.google.flood2,97,M1,0.99242,0.0,DEVELOP,in_norm
com.google.flood2,98,M1,5.68071,0.0,DEVELOP,in_norm
com.google.flood2,99,M1,8.46937,0.0,DEVELOP,in_norm
com.google.flood2,100,M1,3.67324,0.0,DEVELOP,in_norm
com.google.flood2,101,M1,12.02833,0.0,DEVELOP,anomaly_good_dir
com.google.flood2,102,M1,3.25907,0.0,DEVELOP,in_norm
com.google.flood2,103,M1,16.58403,0.0,MONITOR,strong_anomaly_good_dir
com.google.flood2,104,M1,2.60988,0.0,DEVELOP,in_norm
com.google.flood2,105,M1,5.67149,0.0,DEVELOP,in_norm
com.google.flood2,106,M1,3.92676,0.0,DEVELOP,in_norm
com.google.flood2,107,M1,31.96775,0.0,MONITOR,strong_anomaly_good_dir
com.google.flood2,108,M1,5.0196,0.0,DEVELOP,in_norm
com.google.flood2,109,M1,4.17343,0.0,DEVELOP,in_norm
com.google.flood2,110,M1,5.25387,0.0,DEVELOP,in_norm
com.labpixies.flood,1,M2,42.77967,0.333,MONITOR,strong_anomaly_good_dir
com.labpixies.flood,2,M2,31.62578,0.333,MONITOR,strong_anomaly_good_dir
com.labpixies.flood,3,M2,13.29331,0.333,DEVELOP,in_norm
com.labpixies.flood,4,M2,15.91596,0.222,DEVELOP,in_norm
com.labpixies.flood,5,M2,14.17876,0.222,DEVELOP,in_norm
com.labpixies.flood,6,M2,24.52162,0.222,MONITOR,strong_anomaly_good_dir
com.labpixies.flood,7,M2,15.22622,0.333,DEVELOP,in_norm
com.labpixies.flood,8,M2,5.59093,0.222,DEVELOP,in_norm
com.labpixies.flood,9,M2,5.03362,0.222,DEVELOP,in_norm
com.labpixies.flood,10,M2,3.47196,0.222,DEVELOP,in_norm
com.labpixies.flood,11,M2,7.12747,0.111,DEVELOP,in_norm
com.labpixies.flood,12,M2,6.1675,0.0,DEVELOP,in_norm
com.labpixies.flood,13,M2,5.72161,0.111,DEVELOP,in_norm
com.labpixies.flood,14,M2,4.81854,0.111,DEVELOP,in_norm
com.labpixies.flood,15,M2,2.85339,0.111,DEVELOP,in_norm
com.labpixies.flood,16,M2,6.78589,0.111,DEVELOP,in_norm
com.labpixies.flood,17,M2,3.53998,0.0,DEVELOP,in_norm
com.labpixies.flood,18,M2,2.69922,0.0,DEVELOP,in_norm
com.labpixies.flood,19,M2,4.35692,0.0,DEVELOP,in_norm
com.labpixies.flood,20,M2,5.67748,0.0,DEVELOP,in_norm
com.labpixies.flood,21,M2,3.23328,0.0,DEVELOP,in_norm
com.labpixies.flood,22,M2,3.975,0.0,DEVELOP,in_norm
com.labpixies.flood,23,M2,2.71301,0.0,DEVELOP,in_norm
com.labpixies.flood,24,M2,7.06432,0.111,DEVELOP,in_norm
com.labpixies.flood,25,M2,12.27239,0.111,DEVELOP,in_norm
com.labpixies.flood,26,M2,13.54566,0.111,DEVELOP,in_norm
com.labpixies.flood,27,M2,2.917,0.0,DEVELOP,in_norm
com.labpixies.flood,28,M2,3.65831,0.0,DEVELOP,in_norm
com.labpixies.flood,29,M2,6.64953,0.0,DEVELOP,in_norm
com.labpixies.flood,30,M2,4.05304,0.0,DEVELOP,in_norm
com.labpixies.flood,31,M2,15.22423,0.222,DEVELOP,in_norm
com.labpixies.flood,32,M2,13.4729,0.222,DEVELOP,in_norm
com.labpixies.flood,33,M2,13.73448,0.111,DEVELOP,in_norm
com.labpixies.flood,34,M2,9.14659,0.222,DEVELOP,in_norm
com.labpixies.flood,35,M2,6.43174,0.111,DEVELOP,in_norm
com.labpixies.flood,36,M2,5.00092,0.0,DEVELOP,in_norm
com.labpixies.flood,37,M2,12.80876,0.111,DEVELOP,in_norm
com.labpixies.flood,38,M2,8.64083,0.0,DEVELOP,in_norm
com.labpixies.flood,39,M2,12.04874,0.0,DEVELOP,in_norm
com.labpixies.flood,40,M2,9.50977,0.111,DEVELOP,in_norm
com.labpixies.flood,41,M2,7.79184,0.0,DEVELOP,in_norm
com.labpixies.flood,42,M2,5.93983,0.111,DEVELOP,in_norm
com.labpixies.flood,43,M2,29.35658,0.0,MONITOR,strong_anomaly_good_dir
com.labpixies.flood,44,M2,7.27696,0.0,DEVELOP,in_norm
com.labpixies.flood,45,M2,3.35692,0.0,DEVELOP,in_norm
com.labpixies.flood,46,M2,5.25645,0.0,DEVELOP,in_norm
com.labpixies.flood,47,M2,7.54443,0.0,DEVELOP,in_norm
com.labpixies.flood,48,M2,2.86731,0.111,DEVELOP,in_norm
com.labpixies.flood,49,M2,3.4668,0.222,DEVELOP,in_norm
com.labpixies.flood,50,M2,3.27184,0.222,DEVELOP,in_norm
com.labpixies.flood,51,M2,3.26356,0.222,DEVELOP,in_norm
com.labpixies.flood,52,M2,3.92006,0.222,DEVELOP,in_norm
com.labpixies.flood,53,M2,4.37739,0.222,DEVELOP,in_norm
com.labpixies.flood,54,M2,8.14893,0.222,DEVELOP,in_norm
com.labpixies.flood,55,M2,5.68765,0.222,DEVELOP,in_norm
com.labpixies.flood,56,M2,5.89886,0.222,DEVELOP,in_norm
com.labpixies.flood,57,M2,4.47456,0.222,DEVELOP,in_norm
com.labpixies.flood,58,M2,10.96575,0.222,DEVELOP,in_norm
com.labpixies.flood,59,M2,11.57306,0.333,DEVELOP,in_norm
com.labpixies.flood,60,M2,22.55551,0.333,MONITOR,strong_anomaly_good_dir
com.labpixies.flood,61,M2,22.84235,0.333,MONITOR,strong_anomaly_good_dir
com.labpixies.flood,62,M2,28.91772,0.333,MONITOR,strong_anomaly_good_dir
com.labpixies.flood,63,M2,40.55302,0.333,MONITOR,strong_anomaly_good_dir
com.labpixies.flood,64,M2,68.04953,0.333,MONITOR,strong_anomaly_good_dir
com.labpixies.flood,65,M2,72.0599,0.333,MONITOR,strong_anomaly_good_dir
com.labpixies.flood,66,M2,68.81804,0.333,MONITOR,strong_anomaly_good_dir
com.labpixies.flood,67,M2,66.67836,0.333,MONITOR,strong_anomaly_good_dir
com.labpixies.flood,68,M2,67.15575,0.333,MONITOR,strong_anomaly_good_dir
com.labpixies.flood,69,M2,69.89376,0.222,MONITOR,strong_anomaly_good_dir
com.labpixies.flood,70,M2,79.71171,0.222,MONITOR,strong_anomaly_good_dir
com.labpixies.flood,71,M2,77.67326,0.222,MONITOR,strong_anomaly_good_dir
com.labpixies.flood,72,M2,71.94889,0.222,MONITOR,strong_anomaly_good_dir
com.labpixies.flood,73,M2,62.00724,0.222,MONITOR,strong_anomaly_good_dir
com.labpixies.flood,74,M2,60.98489,0.222,MONITOR,strong_anomaly_good_dir
com.labpixies.flood,75,M2,75.16356,0.333,MONITOR,strong_anomaly_good_dir
com.labpixies.flood,76,M2,69.76568,0.222,MONITOR,strong_anomaly_good_dir
com.labpixies.flood,77,M2,81.72143,0.222,MONITOR,strong_anomaly_good_dir
com.labpixies.flood,78,M2,105.20808,0.333,MONITOR,strong_anomaly_good_dir
com.labpixies.flood,79,M2,123.62438,0.333,MONITOR,strong_anomaly_good_dir
com.labpixies.flood,80,M2,143.83768,0.333,MONITOR,strong_anomaly_good_dir
com.labpixies.flood,81,M2,148.55952,0.333,MONITOR,strong_anomaly_good_dir
com.labpixies.flood,82,M2,108.67603,0.667,DISCONTINUE,strong_anomaly_bad_dir
com.labpixies.flood,83,M2,188.83401,0.333,MONITOR,strong_anomaly_good_dir
com.labpixies.flood,84,M2,157.15371,0.333,MONITOR,strong_anomaly_good_dir
com.labpixies.flood,85,M2,204.85613,0.333,MONITOR,strong_anomaly_good_dir
com.labpixies.flood,86,M2,247.23129,0.556,DISCONTINUE,strong_anomaly_bad_dir
com.labpixies.flood,87,M2,227.10802,0.667,DISCONTINUE,strong_anomaly_bad_dir
com.labpixies.flood,88,M2,295.33771,0.556,DISCONTINUE,strong_anomaly_bad_dir
com.labpixies.flood,89,M2,260.65402,0.222,MONITOR,strong_anomaly_good_dir
com.labpixies.flood,90,M2,280.79319,0.333,MONITOR,strong_anomaly_good_dir
com.labpixies.flood,91,M2,323.58678,0.444,MONITOR,strong_anomaly_good_dir
com.labpixies.flood,92,M2,328.56001,0.222,MONITOR,strong_anomaly_good_dir
com.labpixies.flood,93,M2,298.97169,0.333,MONITOR,strong_anomaly_good_dir
com.labpixies.flood,94,M2,421.66604,0.333,MONITOR,strong_anomaly_good_dir
com.labpixies.flood,95,M2,327.70708,0.444,MONITOR,strong_anomaly_good_dir
com.labpixies.flood,96,M2,342.34595,0.667,DISCONTINUE,strong_anomaly_bad_dir
com.labpixies.flood,97,M2,415.89729,0.556,DISCONTINUE,strong_anomaly_bad_dir
com.labpixies.flood,98,M2,391.41791,0.556,DISCONTINUE,strong_anomaly_bad_dir
com.labpixies.flood,99,M2,414.42929,0.444,MONITOR,strong_anomaly_good_dir
com.labpixies.flood,100,M2,419.3381,0.444,MONITOR,strong_anomaly_good_dir
com.labpixies.flood,101,M2,412.71334,0.444,MONITOR,strong_anomaly_good_dir
com.labpixies.flood,102,M2,428.07602,0.444,MONITOR,strong_anomaly_good_dir
com.labpixies.flood,103,M2,421.091,0.444,MONITOR,strong_anomaly_good_dir
com.labpixies.flood,104,M2,491.19307,0.333,MONITOR,strong_anomaly_good_dir
com.labpixies.flood,105,M2,447.46463,0.333,MONITOR,strong_anomaly_good_dir
com.labpixies.flood,106,M2,463.82154,0.333,MONITOR,strong_anomaly_good_dir
com.labpixies.flood,107,M2,436.4279,0.444,MONITOR,strong_anomaly_good_dir
com.labpixies.flood,108,M2,1382.46509,0.333,MONITOR,strong_anomaly_good_dir
com.labpixies.flood,109,M2,404.3434,0.222,MONITOR,strong_anomaly_good_dir
com.labpixies.flood,110,M2,397.46853,0.222,MONITOR,strong_anomaly_good_dir
com.google.flood2,1,M2,78.04623,0.111,MONITOR,strong_anomaly_good_dir
com.google.flood2,2,M2,28.78649,0.111,MONITOR,strong_anomaly_good_dir
com.google.flood2,3,M2,13.89205,0.222,DEVELOP,in_norm
com.google.flood2,4,M2,6.90485,0.111,DEVELOP,in_norm
com.google.flood2,5,M2,9.13988,0.111,DEVELOP,in_norm
com.google.flood2,6,M2,185.11693,0.0,MONITOR,strong_anomaly_good_dir
com.google.flood2,7,M2,159.87596,0.111,MONITOR,strong_anomaly_good_dir
com.google.flood2,8,M2,19.51317,0.222,DEVELOP,anomaly_good_dir
com.google.flood2,9,M2,16.91432,0.222,DEVELOP,in_norm
com.google.flood2,10,M2,16.17653,0.222,DEVELOP,in_norm
com.google.flood2,11,M2,15.82736,0.111,DEVELOP,in_norm
com.google.flood2,12,M2,13.4005,0.111,DEVELOP,in_norm
com.google.flood2,13,M2,169.08266,0.111,MONITOR,strong_anomaly_good_dir
com.google.flood2,14,M2,143.46658,0.111,MONITOR,strong_anomaly_good_dir
com.google.flood2,15,M2,30.38318,0.222,MONITOR,strong_anomaly_good_dir
com.google.flood2,16,M2,159.30244,0.111,MONITOR,strong_anomaly_good_dir
com.google.flood2,17,M2,36.93284,0.111,MONITOR,strong_anomaly_good_dir
com.google.flood2,18,M2,161.74965,0.0,MONITOR,strong_anomaly_good_dir
com.google.flood2,19,M2,152.46276,0.0,MONITOR,strong_anomaly_good_dir
com.google.flood2,20,M2,68.05012,0.111,MONITOR,strong_anomaly_good_dir
com.google.flood2,21,M2,83.20914,0.222,MONITOR,strong_anomaly_good_dir
com.google.flood2,22,M2,65.18756,0.222,MONITOR,strong_anomaly_good_dir
com.google.flood2,23,M2,65.18005,0.222,MONITOR,strong_anomaly_good_dir
com.google.flood2,24,M2,82.10115,0.333,MONITOR,strong_anomaly_good_dir
com.google.flood2,25,M2,75.73559,0.111,MONITOR,strong_anomaly_good_dir
com.google.flood2,26,M2,87.82768,0.111,MONITOR,strong_anomaly_good_dir
com.google.flood2,27,M2,70.0523,0.222,MONITOR,strong_anomaly_good_dir
com.google.flood2,28,M2,73.11301,0.222,MONITOR,strong_anomaly_good_dir
com.google.flood2,29,M2,86.6073,0.222,MONITOR,strong_anomaly_good_dir
com.google.flood2,30,M2,52.01529,0.222,MONITOR,strong_anomaly_good_dir
com.google.flood2,31,M2,55.40188,0.333,MONITOR,strong_anomaly_good_dir
com.google.flood2,32,M2,50.24829,0.333,MONITOR,strong_anomaly_good_dir
com.google.flood2,33,M2,36.17307,0.222,MONITOR,strong_anomaly_good_dir
com.google.flood2,34,M2,52.29997,0.444,MONITOR,strong_anomaly_good_dir
com.google.flood2,35,M2,30.01701,0.333,MONITOR,strong_anomaly_good_dir
com.google.flood2,36,M2,37.93487,0.222,MONITOR,strong_anomaly_good_dir
com.google.flood2,37,M2,26.90106,0.111,MONITOR,strong_anomaly_good_dir
com.google.flood2,38,M2,23.88506,0.111,MONITOR,strong_anomaly_good_dir
com.google.flood2,39,M2,16.78611,0.0,DEVELOP,in_norm
com.google.flood2,40,M2,27.03518,0.222,MONITOR,strong_anomaly_good_dir
com.google.flood2,41,M2,33.47861,0.111,MONITOR,strong_anomaly_good_dir
com.google.flood2,42,M2,28.9997,0.111,MONITOR,strong_anomaly_good_dir
com.google.flood2,43,M2,30.92235,0.111,MONITOR,strong_anomaly_good_dir
com.google.flood2,44,M2,25.97499,0.111,MONITOR,strong_anomaly_good_dir
com.google.flood2,45,M2,11.34909,0.111,DEVELOP,in_norm
com.google.flood2,46,M2,9.4278,0.111,DEVELOP,in_norm
com.google.flood2,47,M2,10.65788,0.111,DEVELOP,in_norm
com.google.flood2,48,M2,17.50236,0.222,DEVELOP,anomaly_good_dir
com.google.flood2,49,M2,40.746,0.444,MONITOR,strong_anomaly_good_dir
com.google.flood2,50,M2,38.29352,0.444,MONITOR,strong_anomaly_good_dir
com.google.flood2,51,M2,30.03466,0.444,MONITOR,strong_anomaly_good_dir
com.google.flood2,52,M2,29.98676,0.333,MONITOR,strong_anomaly_good_dir
com.google.flood2,53,M2,27.8086,0.222,MONITOR,strong_anomaly_good_dir
com.google.flood2,54,M2,34.06704,0.333,MONITOR,strong_anomaly_good_dir
com.google.flood2,55,M2,30.75518,0.333,MONITOR,strong_anomaly_good_dir
com.google.flood2,56,M2,38.63169,0.333,MONITOR,strong_anomaly_good_dir
com.google.flood2,57,M2,37.07858,0.333,MONITOR,strong_anomaly_good_dir
com.google.flood2,58,M2,44.97855,0.333,MONITOR,strong_anomaly_good_dir
com.google.flood2,59,M2,59.19695,0.444,MONITOR,strong_anomaly_good_dir
com.google.flood2,60,M2,69.7106,0.444,MONITOR,strong_anomaly_good_dir
com.google.flood2,61,M2,68.75546,0.444,MONITOR,strong_anomaly_good_dir
com.google.flood2,62,M2,74.00723,0.444,MONITOR,strong_anomaly_good_dir
com.google.flood2,63,M2,97.36751,0.444,MONITOR,strong_anomaly_good_dir
com.google.flood2,64,M2,131.21802,0.444,MONITOR,strong_anomaly_good_dir
com.google.flood2,65,M2,129.90491,0.444,MONITOR,strong_anomaly_good_dir
com.google.flood2,66,M2,125.85141,0.444,MONITOR,strong_anomaly_good_dir
com.google.flood2,67,M2,129.64018,0.333,MONITOR,strong_anomaly_good_dir
com.google.flood2,68,M2,130.0923,0.444,MONITOR,strong_anomaly_good_dir
com.google.flood2,69,M2,121.32357,0.333,MONITOR,strong_anomaly_good_dir
com.google.flood2,70,M2,130.2742,0.333,MONITOR,strong_anomaly_good_dir
com.google.flood2,71,M2,131.76393,0.333,MONITOR,strong_anomaly_good_dir
com.google.flood2,72,M2,124.8503,0.333,MONITOR,strong_anomaly_good_dir
com.google.flood2,73,M2,118.74786,0.222,MONITOR,strong_anomaly_good_dir
com.google.flood2,74,M2,107.99608,0.333,MONITOR,strong_anomaly_good_dir
com.google.flood2,75,M2,110.67974,0.333,MONITOR,strong_anomaly_good_dir
com.google.flood2,76,M2,126.30731,0.222,MONITOR,strong_anomaly_good_dir
com.google.flood2,77,M2,148.6984,0.222,MONITOR,strong_anomaly_good_dir
com.google.flood2,78,M2,168.82993,0.444,MONITOR,strong_anomaly_good_dir
com.google.flood2,79,M2,198.88541,0.333,MONITOR,strong_anomaly_good_dir
com.google.flood2,80,M2,209.86201,0.444,MONITOR,strong_anomaly_good_dir
com.google.flood2,81,M2,221.82832,0.444,MONITOR,strong_anomaly_good_dir
com.google.flood2,82,M2,223.63072,0.333,MONITOR,strong_anomaly_good_dir
com.google.flood2,83,M2,243.53072,0.444,MONITOR,strong_anomaly_good_dir
com.google.flood2,84,M2,271.16281,0.222,MONITOR,strong_anomaly_good_dir
com.google.flood2,85,M2,305.88044,0.222,MONITOR,strong_anomaly_good_dir
com.google.flood2,86,M2,393.16393,0.333,MONITOR,strong_anomaly_good_dir
com.google.flood2,87,M2,357.47725,0.333,MONITOR,strong_anomaly_good_dir
com.google.flood2,88,M2,330.51149,0.333,MONITOR,strong_anomaly_good_dir
com.google.flood2,89,M2,303.41518,0.222,MONITOR,strong_anomaly_good_dir
com.google.flood2,90,M2,354.3148,0.222,MONITOR,strong_anomaly_good_dir
com.google.flood2,91,M2,345.78786,0.222,MONITOR,strong_anomaly_good_dir
com.google.flood2,92,M2,319.958,0.222,MONITOR,strong_anomaly_good_dir
com.google.flood2,93,M2,351.98112,0.222,MONITOR,strong_anomaly_good_dir
com.google.flood2,94,M2,416.73861,0.333,MONITOR,strong_anomaly_good_dir
com.google.flood2,95,M2,379.57336,0.333,MONITOR,strong_anomaly_good_dir
com.google.flood2,96,M2,419.45274,0.333,MONITOR,strong_anomaly_good_dir
com.google.flood2,97,M2,432.86765,0.444,MONITOR,strong_anomaly_good_dir
com.google.flood2,98,M2,482.87594,0.333,MONITOR,strong_anomaly_good_dir
com.google.flood2,99,M2,505.02082,0.222,MONITOR,strong_anomaly_good_dir
com.google.flood2,100,M2,468.15464,0.222,MONITOR,strong_anomaly_good_dir
com.google.flood2,101,M2,491.2546,0.222,MONITOR,strong_anomaly_good_dir
com.google.flood2,102,M2,419.90847,0.222,MONITOR,strong_anomaly_good_dir
com.google.flood2,103,M2,507.28416,0.222,MONITOR,strong_anomaly_good_dir
com.google.flood2,104,M2,441.85111,0.222,MONITOR,strong_anomaly_good_dir
com.google.flood2,105,M2,447.63328,0.222,MONITOR,strong_anomaly_good_dir
com.google.flood2,106,M2,419.86891,0.222,MONITOR,strong_anomaly_good_dir
com.google.flood2,107,M2,560.57375,0.222,MONITOR,strong_anomaly_good_dir
com.google.flood2,108,M2,1079.82295,0.222,MONITOR,strong_anomaly_good_dir
com.google.flood2,109,M2,295.7353,0.222,MONITOR,strong_anomaly_good_dir
com.google.flood2,110,M2,282.94189,0.222,MONITOR,strong_anomaly_good_dir
com.labpixies.flood,1,M3,43.31514,0.3,MONITOR,strong_anomaly_good_dir
com.labpixies.flood,2,M3,31.64178,0.3,MONITOR,strong_anomaly_good_dir
com.labpixies.flood,3,M3,13.33741,0.3,DEVELOP,in_norm
com.labpixies.flood,4,M3,16.23318,0.2,DEVELOP,in_norm
com.labpixies.flood,5,M3,14.80566,0.2,DEVELOP,in_norm
com.labpixies.flood,6,M3,24.52315,0.2,MONITOR,strong_anomaly_good_dir
com.labpixies.flood,7,M3,17.35336,0.3,DEVELOP,in_norm
com.labpixies.flood,8,M3,6.20777,0.2,DEVELOP,in_norm
com.labpixies.flood,9,M3,5.03914,0.2,DEVELOP,in_norm
com.labpixies.flood,10,M3,3.86133,0.2,DEVELOP,in_norm
com.labpixies.flood,11,M3,7.5714,0.1,DEVELOP,in_norm
com.labpixies.flood,12,M3,6.22998,0.0,DEVELOP,in_norm
com.labpixies.flood,13,M3,6.26125,0.1,DEVELOP,in_norm
com.labpixies.flood,14,M3,4.97157,0.1,DEVELOP,in_norm
com.labpixies.flood,15,M3,2.94226,0.1,DEVELOP,in_norm
com.labpixies.flood,16,M3,7.46569,0.1,DEVELOP,in_norm
com.labpixies.flood,17,M3,4.13831,0.0,DEVELOP,in_norm
com.labpixies.flood,18,M3,2.70449,0.0,DEVELOP,in_norm
com.labpixies.flood,19,M3,4.41575,0.0,DEVELOP,in_norm
com.labpixies.flood,20,M3,5.6777,0.0,DEVELOP,in_norm
com.labpixies.flood,21,M3,4.65376,0.0,DEVELOP,in_norm
com.labpixies.flood,22,M3,4.17735,0.0,DEVELOP,in_norm
com.labpixies.flood,23,M3,2.83211,0.0,DEVELOP,in_norm
com.labpixies.flood,24,M3,7.82497,0.1,DEVELOP,in_norm
com.labpixies.flood,25,M3,13.18287,0.1,DEVELOP,in_norm
com.labpixies.flood,26,M3,13.98956,0.1,DEVELOP,in_norm
com.labpixies.flood,27,M3,4.87958,0.0,DEVELOP,in_norm
com.labpixies.flood,28,M3,4.82368,0.0,DEVELOP,in_norm
com.labpixies.flood,29,M3,9.6392,0.0,DEVELOP,in_norm
com.labpixies.flood,30,M3,8.07236,0.0,DEVELOP,in_norm
com.labpixies.flood,31,M3,15.98411,0.2,DEVELOP,in_norm
com.labpixies.flood,32,M3,13.58925,0.2,DEVELOP,in_norm
com.labpixies.flood,33,M3,13.73559,0.1,DEVELOP,in_norm
com.labpixies.flood,34,M3,9.15066,0.2,DEVELOP,in_norm
com.labpixies.flood,35,M3,9.18903,0.1,DEVELOP,in_norm
com.labpixies.flood,36,M3,22.20252,0.0,DEVELOP,anomaly_good_dir
com.labpixies.flood,37,M3,12.8088,0.1,DEVELOP,in_norm
com.labpixies.flood,38,M3,8.64629,0.0,DEVELOP,in_norm
com.labpixies.flood,39,M3,12.07448,0.0,DEVELOP,in_norm
com.labpixies.flood,40,M3,9.51087,0.1,DEVELOP,in_norm
com.labpixies.flood,41,M3,8.03629,0.0,DEVELOP,in_norm
com.labpixies.flood,42,M3,6.07885,0.1,DEVELOP,in_norm
com.labpixies.flood,43,M3,29.55375,0.0,MONITOR,strong_anomaly_good_dir
com.labpixies.flood,44,M3,7.49858,0.0,DEVELOP,in_norm
com.labpixies.flood,45,M3,3.64704,0.0,DEVELOP,in_norm
com.labpixies.flood,46,M3,6.20418,0.0,DEVELOP,in_norm
com.labpixies.flood,47,M3,8.94909,0.0,DEVELOP,in_norm
com.labpixies.flood,48,M3,5.09189,0.1,DEVELOP,in_norm
com.labpixies.flood,49,M3,3.94812,0.2,DEVELOP,in_norm
com.labpixies.flood,50,M3,3.74616,0.2,DEVELOP,in_norm
com.labpixies.flood,51,M3,3.26432,0.2,DEVELOP,in_norm
com.labpixies.flood,52,M3,3.93098,0.2,DEVELOP,in_norm
com.labpixies.flood,53,M3,4.37759,0.2,DEVELOP,in_norm
com.labpixies.flood,54,M3,8.44801,0.2,DEVELOP,in_norm
com.labpixies.flood,55,M3,10.49543,0.2,DEVELOP,in_norm
com.labpixies.flood,56,M3,8.41632,0.2,DEVELOP,in_norm
com.labpixies.flood,57,M3,5.78478,0.2,DEVELOP,in_norm
com.labpixies.flood,58,M3,10.98222,0.2,DEVELOP,in_norm
com.labpixies.flood,59,M3,11.71394,0.3,DEVELOP,in_norm
com.labpixies.flood,60,M3,22.56128,0.3,DEVELOP,anomaly_good_dir
com.labpixies.flood,61,M3,22.94109,0.3,DEVELOP,anomaly_good_dir
com.labpixies.flood,62,M3,31.17586,0.3,MONITOR,strong_anomaly_good_dir
com.labpixies.flood,63,M3,48.84247,0.3,MONITOR,strong_anomaly_good_dir
com.labpixies.flood,64,M3,84.49228,0.3,MONITOR,strong_anomaly_good_dir
com.labpixies.flood,65,M3,114.82039,0.3,MONITOR,strong_anomaly_good_dir
com.labpixies.flood,66,M3,352.17338,0.3,MONITOR,strong_anomaly_good_dir
com.labpixies.flood,67,M3,369.02186,0.3,MONITOR,strong_anomaly_good_dir
com.labpixies.flood,68,M3,443.07964,0.3,MONITOR,strong_anomaly_good_dir
com.labpixies.flood,69,M3,517.93477,0.2,MONITOR,strong_anomaly_good_dir
com.labpixies.flood,70,M3,618.27142,0.2,MONITOR,strong_anomaly_good_dir
com.labpixies.flood,71,M3,303.30594,0.2,MONITOR,strong_anomaly_good_dir
com.labpixies.flood,72,M3,290.72333,0.2,MONITOR,strong_anomaly_good_dir
com.labpixies.flood,73,M3,284.75482,0.2,MONITOR,strong_anomaly_good_dir
com.labpixies.flood,74,M3,284.85786,0.2,MONITOR,strong_anomaly_good_dir
com.labpixies.flood,75,M3,296.84513,0.3,MONITOR,strong_anomaly_good_dir
com.labpixies.flood,76,M3,277.84006,0.2,MONITOR,strong_anomaly_good_dir
com.labpixies.flood,77,M3,275.70993,0.2,MONITOR,strong_anomaly_good_dir
com.labpixies.flood,78,M3,286.73161,0.3,MONITOR,strong_anomaly_good_dir
com.labpixies.flood,79,M3,296.22645,0.3,MONITOR,strong_anomaly_good_dir
com.labpixies.flood,80,M3,300.08622,0.3,MONITOR,strong_anomaly_good_dir
com.labpixies.flood,81,M3,306.52939,0.3,MONITOR,strong_anomaly_good_dir
com.labpixies.flood,82,M3,303.22148,0.6,DISCONTINUE,strong_anomaly_bad_dir
com.labpixies.flood,83,M3,488.34685,0.3,MONITOR,strong_anomaly_good_dir
com.labpixies.flood,84,M3,504.75454,0.3,MONITOR,strong_anomaly_good_dir
com.labpixies.flood,85,M3,630.85018,0.3,MONITOR,strong_anomaly_good_dir
com.labpixies.flood,86,M3,689.04796,0.5,DISCONTINUE,strong_anomaly_bad_dir
com.labpixies.flood,87,M3,642.44293,0.6,DISCONTINUE,strong_anomaly_bad_dir
com.labpixies.flood,88,M3,727.93975,0.5,DISCONTINUE,strong_anomaly_bad_dir
com.labpixies.flood,89,M3,766.96619,0.2,MONITOR,strong_anomaly_good_dir
com.labpixies.flood,90,M3,838.24391,0.3,MONITOR,strong_anomaly_good_dir
com.labpixies.flood,91,M3,931.41537,0.4,MONITOR,strong_anomaly_good_dir
com.labpixies.flood,92,M3,1007.36186,0.2,MONITOR,strong_anomaly_good_dir
com.labpixies.flood,93,M3,983.35525,0.3,MONITOR,strong_anomaly_good_dir
com.labpixies.flood,94,M3,1105.68048,0.3,MONITOR,strong_anomaly_good_dir
com.labpixies.flood,95,M3,949.83791,0.4,MONITOR,strong_anomaly_good_dir
com.labpixies.flood,96,M3,982.01324,0.6,DISCONTINUE,strong_anomaly_bad_dir
com.labpixies.flood,97,M3,1093.25296,0.5,DISCONTINUE,strong_anomaly_bad_dir
com.labpixies.flood,98,M3,1114.49691,0.5,DISCONTINUE,strong_anomaly_bad_dir
com.labpixies.flood,99,M3,1261.29048,0.4,MONITOR,strong_anomaly_good_dir
com.labpixies.flood,100,M3,1443.01974,0.4,MONITOR,strong_anomaly_good_dir
com.labpixies.flood,101,M3,1459.72831,0.4,MONITOR,strong_anomaly_good_dir
com.labpixies.flood,102,M3,1513.76374,0.4,MONITOR,strong_anomaly_good_dir
com.labpixies.flood,103,M3,1646.31973,0.4,MONITOR,strong_anomaly_good_dir
com.labpixies.flood,104,M3,1721.23613,0.3,MONITOR,strong_anomaly_good_dir
com.labpixies.flood,105,M3,1665.91386,0.3,MONITOR,strong_anomaly_good_dir
com.labpixies.flood,106,M3,1672.77046,0.3,MONITOR,strong_anomaly_good_dir
com.labpixies.flood,107,M3,1610.18144,0.4,MONITOR,strong_anomaly_good_dir
com.labpixies.flood,108,M3,2537.14921,0.3,MONITOR,strong_anomaly_good_dir
com.labpixies.flood,109,M3,1546.41003,0.2,MONITOR,strong_anomaly_good_dir
com.labpixies.flood,110,M3,1549.84932,0.2,MONITOR,strong_anomaly_good_dir
com.google.flood2,1,M3,914.07114,0.2,MONITOR,strong_anomaly_good_dir
com.google.flood2,2,M3,891.05914,0.2,MONITOR,strong_anomaly_good_dir
com.google.flood2,3,M3,879.62845,0.3,MONITOR,strong_anomaly_good_dir
com.google.flood2,4,M3,876.7478,0.2,MONITOR,strong_anomaly_good_dir
com.google.flood2,5,M3,889.63925,0.2,MONITOR,strong_anomaly_good_dir
com.google.flood2,6,M3,1024.29092,0.1,MONITOR,strong_anomaly_good_dir
com.google.flood2,7,M3,1057.58501,0.2,MONITOR,strong_anomaly_good_dir
com.google.flood2,8,M3,803.27721,0.3,MONITOR,strong_anomaly_good_dir
com.google.flood2,9,M3,761.05113,0.3,MONITOR,strong_anomaly_good_dir
com.google.flood2,10,M3,735.27871,0.3,MONITOR,strong_anomaly_good_dir
com.google.flood2,11,M3,739.94259,0.2,MONITOR,strong_anomaly_good_dir
com.google.flood2,12,M3,766.7178,0.2,MONITOR,strong_anomaly_good_dir
com.google.flood2,13,M3,946.2727,0.2,MONITOR,strong_anomaly_good_dir
com.google.flood2,14,M3,916.14924,0.2,MONITOR,strong_anomaly_good_dir
com.google.flood2,15,M3,728.81628,0.3,MONITOR,strong_anomaly_good_dir
com.google.flood2,16,M3,891.48631,0.2,MONITOR,strong_anomaly_good_dir
com.google.flood2,17,M3,696.07343,0.2,MONITOR,strong_anomaly_good_dir
com.google.flood2,18,M3,924.68312,0.1,MONITOR,strong_anomaly_good_dir
com.google.flood2,19,M3,882.33238,0.1,MONITOR,strong_anomaly_good_dir
com.google.flood2,20,M3,728.62182,0.2,MONITOR,strong_anomaly_good_dir
com.google.flood2,21,M3,810.59731,0.3,MONITOR,strong_anomaly_good_dir
com.google.flood2,22,M3,758.85417,0.3,MONITOR,strong_anomaly_good_dir
com.google.flood2,23,M3,756.7049,0.3,MONITOR,strong_anomaly_good_dir
com.google.flood2,24,M3,717.00175,0.4,MONITOR,strong_anomaly_good_dir
com.google.flood2,25,M3,717.34802,0.2,MONITOR,strong_anomaly_good_dir
com.google.flood2,26,M3,749.66462,0.2,MONITOR,strong_anomaly_good_dir
com.google.flood2,27,M3,835.01625,0.3,MONITOR,strong_anomaly_good_dir
com.google.flood2,28,M3,826.79849,0.3,MONITOR,strong_anomaly_good_dir
com.google.flood2,29,M3,881.30697,0.3,MONITOR,strong_anomaly_good_dir
com.google.flood2,30,M3,869.03458,0.3,MONITOR,strong_anomaly_good_dir
com.google.flood2,31,M3,827.18571,0.4,MONITOR,strong_anomaly_good_dir
com.google.flood2,32,M3,767.76469,0.4,MONITOR,strong_anomaly_good_dir
com.google.flood2,33,M3,791.01093,0.3,MONITOR,strong_anomaly_good_dir
com.google.flood2,34,M3,805.59701,0.5,DISCONTINUE,strong_anomaly_bad_dir
com.google.flood2,35,M3,897.98151,0.4,MONITOR,strong_anomaly_good_dir
com.google.flood2,36,M3,1192.78999,0.3,MONITOR,strong_anomaly_good_dir
com.google.flood2,37,M3,1525.5805,0.2,MONITOR,strong_anomaly_good_dir
com.google.flood2,38,M3,1511.1921,0.2,MONITOR,strong_anomaly_good_dir
com.google.flood2,39,M3,1527.90976,0.1,MONITOR,strong_anomaly_good_dir
com.google.flood2,40,M3,1515.67634,0.3,MONITOR,strong_anomaly_good_dir
com.google.flood2,41,M3,1477.55928,0.2,MONITOR,strong_anomaly_good_dir
com.google.flood2,42,M3,1483.22732,0.2,MONITOR,strong_anomaly_good_dir
com.google.flood2,43,M3,1522.39969,0.2,MONITOR,strong_anomaly_good_dir
com.google.flood2,44,M3,1568.57108,0.2,MONITOR,strong_anomaly_good_dir
com.google.flood2,45,M3,1549.13758,0.2,MONITOR,strong_anomaly_good_dir
com.google.flood2,46,M3,1588.17625,0.2,MONITOR,strong_anomaly_good_dir
com.google.flood2,47,M3,1566.11449,0.2,MONITOR,strong_anomaly_good_dir
com.google.flood2,48,M3,1616.42918,0.3,MONITOR,strong_anomaly_good_dir
com.google.flood2,49,M3,1840.1795,0.5,DISCONTINUE,strong_anomaly_bad_dir
com.google.flood2,50,M3,1841.86524,0.5,DISCONTINUE,strong_anomaly_bad_dir
com.google.flood2,51,M3,1896.54475,0.5,DISCONTINUE,strong_anomaly_bad_dir
com.google.flood2,52,M3,1887.61134,0.4,MONITOR,strong_anomaly_good_dir
com.google.flood2,53,M3,1894.97855,0.3,MONITOR,strong_anomaly_good_dir
com.google.flood2,54,M3,1954.04381,0.4,MONITOR,strong_anomaly_good_dir
com.google.flood2,55,M3,2103.84267,0.4,MONITOR,strong_anomaly_good_dir
com.google.flood2,56,M3,2058.28231,0.4,MONITOR,strong_anomaly_good_dir
com.google.flood2,57,M3,2021.8483,0.4,MONITOR,strong_anomaly_good_dir
com.google.flood2,58,M3,1915.53583,0.4,MONITOR,strong_anomaly_good_dir
com.google.flood2,59,M3,1980.24348,0.5,DISCONTINUE,strong_anomaly_bad_dir
com.google.flood2,60,M3,1949.73523,0.5,DISCONTINUE,strong_anomaly_bad_dir
com.google.flood2,61,M3,1914.32702,0.5,DISCONTINUE,strong_anomaly_bad_dir
com.google.flood2,62,M3,2070.33914,0.5,DISCONTINUE,strong_anomaly_bad_dir
com.google.flood2,63,M3,2225.41251,0.5,DISCONTINUE,strong_anomaly_bad_dir
com.google.flood2,64,M3,2373.24684,0.5,DISCONTINUE,strong_anomaly_bad_dir
com.google.flood2,65,M3,2611.33834,0.5,DISCONTINUE,strong_anomaly_bad_dir
com.google.flood2,66,M3,2634.92204,0.5,DISCONTINUE,strong_anomaly_bad_dir
com.google.flood2,67,M3,2708.95881,0.4,MONITOR,strong_anomaly_good_dir
com.google.flood2,68,M3,2916.17606,0.5,DISCONTINUE,strong_anomaly_bad_dir
com.google.flood2,69,M3,3086.01881,0.4,MONITOR,strong_anomaly_good_dir
com.google.flood2,70,M3,3324.82979,0.4,MONITOR,strong_anomaly_good_dir
com.google.flood2,71,M3,3543.17111,0.4,MONITOR,strong_anomaly_good_dir
com.google.flood2,72,M3,3510.10574,0.4,MONITOR,strong_anomaly_good_dir
com.google.flood2,73,M3,3527.11017,0.3,MONITOR,strong_anomaly_good_dir
com.google.flood2,74,M3,3500.55671,0.4,MONITOR,strong_anomaly_good_dir
com.google.flood2,75,M3,3504.85417,0.4,MONITOR,strong_anomaly_good_dir
com.google.flood2,76,M3,3455.09071,0.3,MONITOR,strong_anomaly_good_dir
com.google.flood2,77,M3,3430.7215,0.3,MONITOR,strong_anomaly_good_dir
com.google.flood2,78,M3,3377.83495,0.5,DISCONTINUE,strong_anomaly_bad_dir
com.google.flood2,79,M3,3364.53913,0.4,MONITOR,strong_anomaly_good_dir
com.google.flood2,80,M3,3295.64448,0.5,DISCONTINUE,strong_anomaly_bad_dir
com.google.flood2,81,M3,3317.01156,0.5,DISCONTINUE,strong_anomaly_bad_dir
com.google.flood2,82,M3,3513.71181,0.4,MONITOR,strong_anomaly_good_dir
com.google.flood2,83,M3,3822.4648,0.5,DISCONTINUE,strong_anomaly_bad_dir
com.google.flood2,84,M3,4033.17026,0.3,MONITOR,strong_anomaly_good_dir
com.google.flood2,85,M3,4268.0083,0.3,MONITOR,strong_anomaly_good_dir
com.google.flood2,86,M3,4401.61456,0.4,MONITOR,strong_anomaly_good_dir
com.google.flood2,87,M3,4252.61129,0.4,MONITOR,strong_anomaly_good_dir
com.google.flood2,88,M3,4201.90557,0.4,MONITOR,strong_anomaly_good_dir
com.google.flood2,89,M3,4333.01451,0.3,MONITOR,strong_anomaly_good_dir
com.google.flood2,90,M3,4522.40128,0.3,MONITOR,strong_anomaly_good_dir
com.google.flood2,91,M3,4631.31108,0.3,MONITOR,strong_anomaly_good_dir
com.google.flood2,92,M3,4694.31651,0.3,MONITOR,strong_anomaly_good_dir
com.google.flood2,93,M3,4782.55879,0.3,MONITOR,strong_anomaly_good_dir
com.google.flood2,94,M3,4781.94639,0.4,MONITOR,strong_anomaly_good_dir
com.google.flood2,95,M3,4599.10192,0.4,MONITOR,strong_anomaly_good_dir
com.google.flood2,96,M3,4680.50721,0.4,MONITOR,strong_anomaly_good_dir
com.google.flood2,97,M3,4714.41853,0.5,DISCONTINUE,strong_anomaly_bad_dir
com.google.flood2,98,M3,4901.84848,0.4,MONITOR,strong_anomaly_good_dir
com.google.flood2,99,M3,5181.43138,0.3,MONITOR,strong_anomaly_good_dir
com.google.flood2,100,M3,5491.15829,0.3,MONITOR,strong_anomaly_good_dir
com.google.flood2,101,M3,5529.26473,0.3,MONITOR,strong_anomaly_good_dir
com.google.flood2,102,M3,5460.0127,0.3,MONITOR,strong_anomaly_good_dir
com.google.flood2,103,M3,5864.53149,0.3,MONITOR,strong_anomaly_good_dir
com.google.flood2,104,M3,5688.25728,0.3,MONITOR,strong_anomaly_good_dir
com.google.flood2,105,M3,5696.05078,0.3,MONITOR,strong_anomaly_good_dir
com.google.flood2,106,M3,5581.64464,0.3,MONITOR,strong_anomaly_good_dir
com.google.flood2,107,M3,5703.55187,0.3,MONITOR,strong_anomaly_good_dir
com.google.flood2,108,M3,6002.61758,0.3,MONITOR,strong_anomaly_good_dir
com.google.flood2,109,M3,5188.95018,0.3,MONITOR,strong_anomaly_good_dir
com.google.flood2,110,M3,5183.60195,0.3,MONITOR,strong_anomaly_good_dir
